date,sales,tv_spend,search_spend,social_spend,email_spend,price_index,promo
2022-01-03,304.7291216655501,75.07212165315659,61.034220988362144,40.23299169506538,16.381798346283972,1.0030471707975444,0
2022-01-10,345.01522357213287,85.06302641975624,70.80945542195326,59.42436832894483,14.765000621036055,0.9988946223784704,0
2022-01-17,397.4353715245724,75.82460164053498,61.66613951372373,53.967073349578975,16.232115618940963,1.0239641892759377,1
2022-01-24,358.59776562220856,91.56122387068173,51.85188743299439,42.79087752465355,7.948551635467597,1.0292598246458733,0
2022-01-31,374.1614699616741,120.07526556782578,40.69971014227987,56.103184557914346,4.304255285296203,0.9991899729671699,0
2022-02-07,375.0405739153128,112.11523469695098,41.319314603896075,32.716414994182486,0.0,1.000240658096193,0
2022-02-14,386.0858582723511,130.8023959336005,38.398862183170124,30.383765572999803,5.0107336574135255,1.006064717317424,0
2022-02-21,375.29011082245717,122.47890018711675,32.15306952838425,26.590002167685228,8.268765691611131,0.992051260790813,0
2022-02-28,380.1449762573544,109.96170625107902,49.97351748209905,14.130453432286199,8.396180194893741,0.9865695352601412,0
2022-03-07,369.8879099096393,126.7336145398583,41.62138997697362,21.550683224204462,13.84576903501864,0.9727692358705559,0
2022-03-14,402.8724652409448,103.16296383709437,25.353931641467334,12.501466062811964,11.941051564512565,0.9889398022666672,1
2022-03-21,378.490094214232,104.03790195305011,46.307396297003926,15.980013308920622,13.30507559359604,0.9913182420364164,0
2022-03-28,379.8348640567332,81.53432730416831,48.257487545413674,36.39917125724558,6.37850344014309,0.9913658435347368,0
2022-04-04,362.288377718522,80.99818723788806,58.449211087499755,20.68806843770672,2.0349759468059685,1.0112724120696803,0
2022-04-11,403.4867970342214,63.55575104330691,69.52362980153154,14.92434879359093,4.566121673320258,1.0139695568633957,1
2022-04-18,380.2455296538848,83.2256797178286,76.19153874297172,57.50242734682584,8.220245040650472,1.0078667526890408,0
2022-04-25,380.7888605933292,45.74737919725714,64.35497752724393,71.23158479067867,11.695394591010494,1.023541685322786,0
2022-05-02,373.04931309602176,71.16065848892352,72.06805982953638,48.129280158366086,10.75207877830357,1.0091114988454184,0
2022-05-09,386.4779329605033,53.76482807028724,41.073773472368146,35.56844473502157,11.727084623262204,1.0220469561778887,1
2022-05-16,392.7097555860069,72.75098454955844,43.04900565618617,48.99791686872474,5.674097323704583,1.0042870541758886,1
2022-05-23,318.6924848786198,66.44531297851755,61.0617226608302,45.74066218862361,0.0,0.9933650630787962,0
2022-05-30,390.4127533932811,83.93428629756664,32.83200328405663,41.33326034752445,3.5343050731741745,0.9799282513911447,1
2022-06-06,345.12251662945084,70.38702371973825,44.893601343962345,26.66179441101358,4.993553723716705,0.993525088533032,1
2022-06-13,312.3055477652608,39.84132970918151,35.890044586615666,35.310846789549714,2.7274853722336427,0.978600527697351,0
2022-06-20,346.05433237578876,67.37762310543278,48.63808272579235,28.890347516152612,11.936082632911756,0.9792570444604958,0
2022-06-27,338.5684725820747,56.43700050388881,51.760437964990004,6.2577962610699664,16.986464528168202,0.9871842010542423,0
2022-07-04,329.8152434707006,72.2258023645059,59.58877365625868,23.603227168859085,15.357911472771947,1.0053230918555336,0
2022-07-11,349.1467959182888,108.65131810633976,59.87554934012352,35.7767020248075,10.98990262231784,1.012948904084516,0
2022-07-18,368.08565807988697,101.18108646455964,74.30284116279331,21.23240120080003,3.8126030753072433,1.020587003433833,0
2022-07-25,337.09952815387487,86.09411002733869,59.2321904742264,21.09946104039894,0.0,1.02416238751204,0
2022-08-01,363.7186497926398,85.3688361507354,68.08539686532711,28.775313980650875,0.5686632618428167,1.0401168008624129,0
2022-08-08,402.1880881899022,103.86713746027928,63.34602577825129,42.17668267467337,9.121422620588946,1.00919830300097,1
2022-08-15,360.35230032096706,86.56931961173443,46.650929104935784,27.427949942153827,13.441976648492624,0.9996638859950358,0
2022-08-22,373.6098637776218,94.75061769150263,32.22249805931496,49.76714954401135,17.861353705283626,0.9870759594317701,0
2022-08-29,358.2395250509875,108.05554814040403,35.140861650890834,48.26252800224477,15.480179207109236,0.9928973410609391,0
2022-09-05,344.6245857611491,117.90427718894186,27.474725722436503,69.63041221720763,7.515706124068609,0.9925893980735006,0
2022-09-12,349.92720914028007,105.70948853938648,44.3303140595351,50.22471805024361,0.0,0.9790063479414902,0
2022-09-19,332.9274522252857,57.24873667212271,24.516250930343176,63.327657237265306,1.0433198384988769,0.9751387579125016,0
2022-09-26,365.4924725034273,90.54839254264287,48.97219622773045,33.108908636686735,4.471453328348572,0.9824607244022122,1
2022-10-03,332.1472926249058,81.08050359848869,41.38472951666074,41.96761928953532,7.48135817016966,1.006505927878247,0
2022-10-10,327.6423959481075,80.22546267340145,52.71976500510569,32.96939888138245,10.570454221164152,1.0167270051529098,0
2022-10-17,351.00931513518435,92.62506592367392,83.63844987135688,16.348355907794797,14.758014815378127,1.0218912200009251,0
2022-10-24,367.6623260076296,32.473359391908986,76.69941218580092,21.304011871176176,10.668367031851172,1.0131990804090742,1
2022-10-31,313.087977943492,50.55885197479202,54.2347421693449,28.223126115089503,6.028193842486027,1.0210219380843755,0
2022-11-07,303.9202640095099,65.48818877476498,37.46812117338326,14.388411848715059,4.630221957513214,1.0144293112562233,0
2022-11-14,272.06841378062967,31.458362155739515,13.34032665414691,4.457094366338621,0.7946618891439561,1.0069731992530413,0
2022-11-21,301.6378043775129,77.32151386835127,29.650030315545532,23.977322060718453,4.552072910852038,1.0039279744937308,0
2022-11-28,309.28488569284525,62.149943123374506,54.805355980277895,21.931535057185975,8.907219974894241,0.9889735023229309,0
2022-12-05,316.8063178060263,72.12416314030966,34.91029899253712,33.55830332398137,8.885849542122395,0.9880888107770106,0
2022-12-12,342.2921796638572,54.85777862115319,29.379119944388712,42.26970446455267,12.555636998872194,0.9808216132129278,0
2022-12-19,343.77403578295235,80.58837604839894,47.48111386749747,32.93676327307598,16.493571075832392,0.9864315166690267,0
2022-12-26,333.98537668897063,90.04418173264659,36.71868637897248,37.235778493523966,4.426153555459289,0.9970184188175101,0
2023-01-02,366.5435211384834,83.49317030205755,58.31961584092442,57.33858862033296,0.0,0.9854284418014433,0
2023-01-09,373.26652864568365,89.49890499766938,68.66514803753513,47.08780438896109,0.0,1.0060977512773024,0
2023-01-16,360.0947393087788,95.67322789032009,69.1388210550073,25.233969660804526,3.9070895836469886,1.0117559507749452,0
2023-01-23,391.601902446828,83.62788748492916,75.65562358298487,50.10617124619796,8.180359740435968,1.0134653989995277,0
2023-01-30,402.3125085725943,98.3616664437361,64.87599676455334,39.13361458577839,11.951303979121755,1.0159489023414414,0
2023-02-06,397.2217419033689,101.08756808035,59.17641591487214,23.669923090933107,17.641929857253935,1.02821186627716,0
2023-02-13,387.5727335062899,110.56862981775377,36.10189221025583,12.318309239053669,4.161736956774192,0.9961280021288187,0
2023-02-20,415.42544074012415,119.81508555610577,44.06313947897736,27.229717906272782,9.100193716954623,1.0048964702601637,1
2023-02-27,395.04419564943345,87.49736483745924,46.89057533404381,20.454612186648976,8.380178060013616,0.9699088491190261,0
2023-03-06,374.6970543490224,98.69946119254774,20.859961081386516,38.745957731451135,0.0,0.9779508248464339,0
2023-03-13,372.08906364090217,118.7998996709045,26.09788624773801,23.466455597390922,2.6803402085472947,0.981773353169089,0
2023-03-20,396.18609085747295,80.46425586890575,56.188155135696725,27.62471577037364,5.828932154652007,0.9894025459957196,0
2023-03-27,440.85823409205227,73.64914134783417,50.414830041966304,28.550991539341503,9.621098407164531,0.9978178023570532,1
2023-04-03,416.45798933255134,83.03459287746792,75.33106338856628,43.99035457676343,13.02057435539931,1.0079334723519993,0
2023-04-10,454.71872789394104,86.68288625009086,63.245016188455864,48.62976120295219,16.462696107136523,1.005807212718391,1
2023-04-17,401.41673224672377,68.55331153231566,84.5502833359249,59.553158294302385,13.424552120124714,1.0118361593912275,0
2023-04-24,392.33059653918485,83.35634240053497,69.0624205341386,47.084797279674504,2.688045779482426,1.0284339362945327,0
2023-05-01,394.5669099674408,72.27731309115651,64.01183273541976,49.081319844107576,7.715820271724981,1.0167872816048922,0
2023-05-08,384.2839562880309,69.25189493621558,68.14033595049128,47.48034411628042,3.9264891748708526,1.0005055899314368,0
2023-05-15,379.96789904348987,63.49402566741005,39.36791025812172,55.43388422780054,13.34868098644111,0.9934534411457163,0
2023-05-22,383.02185328602735,90.09707465273992,25.673764435622303,56.52794487939539,12.024240596436641,0.9860191638542328,0
2023-05-29,397.8968164038422,53.54716859987395,26.11556377752035,32.55272234996652,14.392533848606863,0.9917091542757218,1
2023-06-05,338.7643087237524,29.372568971660883,35.08479578433203,26.271832957123586,13.27666367401151,0.9827239325069973,0
2023-06-12,384.50887435509117,87.48574896673722,19.317252083078458,26.99647615340604,17.44895313176476,0.9870506760587167,1
2023-06-19,357.4854773804516,61.51642923455336,49.20502079900554,17.495593339327634,6.249720179137268,0.9792677962187616,0
2023-06-26,348.3599963028666,75.63531505795656,46.94055673273954,25.878939461864107,0.0,0.9922909334698917,0
2023-07-03,359.7326939592147,99.6432602729079,72.77097607523635,0.0,6.726753354744551,1.0062559039396735,0
2023-07-10,354.04625176629924,61.948998491305105,43.727770258373056,12.244412786614468,7.002110295084841,1.006200998043673,0
2023-07-17,350.80601730464883,72.84337108950214,62.1341698221761,17.093640493362496,10.834885996693487,1.0210274296934472,0
2023-07-24,360.51382032699735,72.55889739923707,50.88288085374306,9.170138798843219,16.725164450144764,1.0132349180712947,0
2023-07-31,366.77341944130836,88.66255229696003,53.16724983855329,27.966625772637006,12.273497019396498,1.0150697863880576,0
2023-08-07,360.91308320386395,109.96995515739027,54.96981474488153,34.76758934910547,8.748119837197532,1.0094450742248324,0
2023-08-14,388.96900682122094,112.6805394946429,41.19334877806589,46.47769132654616,3.7378191201987483,0.9928279168298607,0
2023-08-21,365.7883719656668,108.96183454237966,32.551209705391734,61.79339657235246,3.0103890093478745,1.0000834115221047,0
2023-08-28,388.5892651979618,82.1839178087499,29.009357144003285,50.794441239886915,5.0946574362254236,0.9820435234331569,1
2023-09-04,342.59465484758306,65.9230450978518,32.59533868410004,42.514949172047835,2.2767071082215766,0.9814246163335687,0
2023-09-11,349.01784086198023,97.3933702368757,24.889482385452425,47.80407786626792,14.303854551225685,0.984953289107098,0
2023-09-18,367.94199547775804,84.54143879651915,49.89880818148496,52.48513750969684,11.053302110977528,0.9880056344424263,0
2023-09-25,361.52274760955754,92.87367818293811,58.95492961277181,27.89865744327603,7.853342849404775,0.9973593876488525,0
2023-10-02,357.6397145211076,90.52930439331908,65.14322884446172,21.899622551968307,7.73715836208611,0.9990151451549057,0
2023-10-09,402.5791408320354,76.09072987369134,73.23570773489033,29.196721772045862,3.947806464546265,1.0050614803204339,1
2023-10-16,347.34158370014273,79.78391697954366,72.96400758130439,17.713621797866516,0.0,1.0156624952088091,0
2023-10-23,355.4609667251116,66.86010415570615,88.09829539339475,23.137818799990356,6.312855316920929,1.0029808331423808,0
2023-10-30,345.4539631528752,67.37637393668061,60.55860279166772,17.179716061136826,4.061082407225143,1.0042292001294775,0
2023-11-06,344.18971797005725,46.05449498981639,49.42232355044634,25.999731041672618,11.083305299079434,1.0000354570412717,0
2023-11-13,306.7271750898891,52.488106940076776,35.45033922898966,14.819684472649786,12.244737965669428,0.9948138450097362,0
2023-11-20,322.8571329804282,58.133919597403,24.762358689093524,29.944581053224173,12.040478445065023,0.9992114289814833,0
2023-11-27,308.83380904947404,68.93252106412592,18.15648798179311,34.74316164268795,8.748984947603832,0.9776827562815835,0
2023-12-04,323.869705426581,53.51928576929001,21.673483145591455,32.060976074781685,0.6721846057322396,0.9775180496058978,0
2023-12-11,338.353551779074,71.23944237996179,34.26803898836288,34.216331686397425,4.173487661900255,0.9931381054958996,0
2023-12-18,369.8157620198336,64.39433882017505,46.173263057471466,57.948444864882035,4.0087668489210735,0.9799776829715126,0
2023-12-25,378.78183383495735,72.25397588288901,52.83969049443844,49.84141566064143,2.4117691464020883,0.9980806922437954,0
2024-01-01,385.208863925743,92.44278563036117,53.63749669360369,42.59175011966221,6.428362224206049,0.9906638231999012,0
2024-01-08,427.9300756262622,56.08698604137663,76.67221894757739,47.45105830487961,13.962402491680496,1.007240087862199,1
2024-01-15,406.7946295769999,72.17099437997281,77.39395429622726,53.19474463286843,11.517338302723948,1.0069594567687674,0
2024-01-22,386.77649073759534,74.34528549437755,66.15107929186391,16.155646179962872,7.60213175293826,1.0164638467229556,0
2024-01-29,379.43763193280336,65.5703548496168,54.9003830555457,16.62504829813141,3.61191608501225,1.0271034062282822,0
2024-02-05,398.369326438948,93.20143946480769,57.97743494209024,15.863803161520446,2.6773191480621117,0.9959892489328925,0
2024-02-12,396.25329510495,116.05923034836745,44.86535090742449,32.858056639926616,6.662708573461903,1.0091305497212097,0
2024-02-19,397.9234887853656,100.54446085671273,20.603712800721418,19.853739429878758,4.754293203585186,0.9975910427375717,0
2024-02-26,405.4041694630588,106.34225729626318,29.92140329795985,24.208392351445518,8.788221766694726,0.9807960472782162,0
2024-03-04,391.24200687137943,116.91285909800331,33.18181439864445,9.423309936730437,10.719388796806282,0.9668390966024072,0
2024-03-11,407.33064923728176,116.49335844003528,25.977894940006056,14.059564621580712,13.046990257589163,0.9808671175951776,0
2024-03-18,417.53997019133635,90.5810102802021,44.72874570086888,34.08366636082309,11.647234229601455,0.9782453955914888,0
2024-03-25,405.5446572586794,106.2866799507299,37.78004505633906,37.16384075037538,2.401845139884344,0.9930322986726716,0
2024-04-01,402.7244467587652,81.38189987651167,74.6547104680224,47.942643761495994,0.0,1.0002185214552344,0
2024-04-08,393.7468734873191,61.45613503539918,80.14987315797202,46.59859429885955,0.0,1.0253122523540845,0
2024-04-15,439.2198950301813,59.465915415924826,67.47465423018814,54.27999708550172,5.588497737949781,1.014066121043143,1
2024-04-22,446.3340118754793,41.213885855504955,71.38210574447487,54.423058864749216,10.630949882911434,1.0096192025557424,1
2024-04-29,376.6908147236235,46.10339554665378,37.33032484419397,58.7921791562525,12.774194488704252,1.0204930812032715,0
2024-05-06,386.0706110909333,51.25434361174819,40.92967913113878,55.57974327468984,12.295983625025766,1.0154624200045335,0
2024-05-13,361.32257633759474,67.23605343822767,40.047825831042154,28.463726967198774,6.977153101194822,1.0183781890381554,0
2024-05-20,362.71697009542464,80.9938256150384,24.363655180603303,16.45686979024248,6.843882286233127,1.0035647991733947,0
2024-05-27,358.36485175781314,35.891871202209,37.745170684110484,39.110505086125045,0.0,0.9903062574266793,0
2024-06-03,390.42189939952414,65.31781537655736,50.53442158538058,34.859306977935184,1.232805865490373,0.9959327040584873,0
2024-06-10,341.6905972891343,47.81377445661707,23.208695610590567,10.521839663823686,9.524234521899242,0.9682581919748104,0
2024-06-17,366.1010138294542,75.50237702585376,34.45567773164238,0.5719379246944349,7.697210335618751,0.9771428073546293,0
2024-06-24,373.66556518375245,72.05080863249506,54.68275359201611,18.19385057635928,15.168435486428438,0.9814397771450692,0
2024-07-01,385.45440528460074,52.536412612287016,77.4040109528969,28.062302246021275,12.487899807261847,0.9961019019684423,0
2024-07-08,393.28824757875924,99.90734648071624,55.446630181978726,40.31373820092438,7.47006462390762,0.9955276019653123,0
2024-07-15,397.1841606958588,82.54306860896325,72.4901887962872,34.70002105923175,8.460691776050664,1.0228111867860172,0
2024-07-22,429.99883784284344,88.56956288041654,85.96055087421524,33.2939215026851,0.13401729364741577,1.0176319505109734,1
2024-07-29,406.5082632688151,84.52831047799607,44.91195302040016,34.965818797455086,10.000654255489206,1.0039922619086816,0
2024-08-05,385.7475846662932,93.56115691682201,39.68246366533408,48.390694842251506,7.411313558653516,1.0031066623527405,0
2024-08-12,443.5494124133786,111.2360784628751,38.74954896795521,49.08332121244277,8.473087210486453,1.007921451760253,1
2024-08-19,423.1605971835603,101.97905673840526,29.87910126631779,43.86437594904389,14.209119113452907,1.0035949523931926,1
2024-08-26,393.699616587684,108.30533610137262,38.72721873534038,70.23107351225781,8.951504655126708,1.0067048557521021,0
2024-09-02,377.54722709970815,106.00342445627408,32.97805347610898,64.38318435583878,5.657124550221666,1.010438299806365,0
2024-09-09,384.79966932153695,116.38799128894247,17.22522220846211,53.26701306872367,4.886963354649381,0.9842899168507989,0
2024-09-16,395.3049063222671,86.47628703812858,47.98441580150228,28.39463320802804,3.667385895481943,0.9736449414818081,0
2024-09-23,371.80820292078704,63.83002435450297,46.5528810353603,37.78997042593687,1.953256643154225,0.9693850737518115,0
2024-09-30,381.69698153479663,96.0083362485797,74.03732163731308,29.926418824058874,11.049823341477056,1.0026771146234383,0
2024-10-07,366.18441747983746,69.04478581135228,61.39449794300842,23.690357457280204,15.776659819460509,1.0011650524877722,0
2024-10-14,415.6423984010969,85.10080736756645,63.63367474219543,28.557443986999086,18.308265640158304,1.0123061047160762,1
2024-10-21,357.55698695317943,69.17259024171726,73.15887847412954,23.02087747304597,13.768480477460212,1.0137332094913631,0
2024-10-28,358.13653997687067,57.458340399608446,69.05880932556232,26.344886335605594,12.002678229919221,1.0172924159895445,0
2024-11-04,356.02308272280044,61.85623234355906,56.9741493731543,29.867544049365435,0.0,1.0239222554726923,0
2024-11-11,363.07427463563977,84.44746654944316,26.129641858715647,33.12046558233752,1.0469199836461818,1.0063567989602047,0
2024-11-18,382.02281946620224,86.33698608335494,40.46532979415451,20.586871604528696,1.2187439749466886,0.9936273383438621,0
2024-11-25,352.25620889602874,57.66531095985631,20.25812534105991,43.75658408841375,8.445285489719987,0.976381009306926,0
2024-12-02,383.04074261865,61.82826225241466,32.914217393783204,43.28190558757349,10.589788887806863,0.9645528456992483,0
2024-12-09,373.12638912924933,79.56553590597588,20.737498450892886,40.258134928649895,13.500886844619233,0.9752827434273056,0
2024-12-16,387.6879468382913,55.69700520739559,47.293533247924934,68.13633667431066,17.826764896695167,0.9830024971739437,0
2024-12-23,397.44924185251637,79.01316398208479,44.26228086584293,67.35323072245956,7.403232704401034,1.0083848356949234,0
